line,colour,vertex,A_cm,B_cm
Y1,yellow,1,361.6,195.0
Y1,yellow,2,362.4,147.8
Y1,yellow,3,360.2,142.4
Y1,yellow,4,357.2,139.2
Y1,yellow,5,352.2,136.8
Y1,yellow,6,344.2,137.6
Y1,yellow,7,340.0,141.4
Y1,yellow,8,339.6,141.8
Y1,yellow,9,335.8,161.6
Y1,yellow,10,334.8,163.0
Y1,yellow,11,332.2,169.0
Y1,yellow,12,329.4,172.6
Y1,yellow,13,323.8,177.8
Y1,yellow,14,316.0,182.8
Y1,yellow,15,302.4,187.2
Y1,yellow,16,247.4,187.2
Y1,yellow,17,238.4,185.2
Y1,yellow,18,229.2,180.6
Y1,yellow,19,223.0,175.4
Y1,yellow,20,220.0,171.6
Y1,yellow,21,218.2,169.0
Y1,yellow,22,216.2,164.4
Y1,yellow,23,213.8,157.0
Y1,yellow,24,213.8,90.4
Y1,yellow,25,214.6,87.8
Y1,yellow,26,215.6,84.6
Y1,yellow,27,217.0,81.0
Y1,yellow,28,218.8,78.4
Y1,yellow,29,220.2,75.8
Y1,yellow,30,223.4,72.4
Y1,yellow,31,227.8,68.4
Y1,yellow,32,243.0,61.6
Y1,yellow,33,349.2,61.6
Y1,yellow,34,356.2,59.6
Y1,yellow,35,361.0,53.8
Y1,yellow,36,361.6,52.4
Y1,yellow,37,361.6,45.0
Y1,yellow,38,358.0,39.4
Y1,yellow,39,353.6,36.6
Y1,yellow,40,325.2,35.8
Y1,yellow,41,301.0,25.2
Y1,yellow,42,287.8,30.0
Y1,yellow,43,264.0,42.2
Y1,yellow,44,256.0,46.6
Y1,yellow,45,249.0,47.8
Y1,yellow,46,229.2,38.2
Y1,yellow,47,222.8,35.8
Y1,yellow,48,173.2,35.8
Y1,yellow,49,167.0,39.2
Y1,yellow,50,164.2,93.8
Y1,yellow,51,162.8,97.4
Y2,yellow,1,198.0,361.8
Y2,yellow,2,50.4,363.2
Y2,yellow,3,42.8,359.8
Y2,yellow,4,40.2,356.0
Y2,yellow,5,38.6,351.8
Y2,yellow,6,39.4,295.2
Y2,yellow,7,47.8,288.2
Y2,yellow,8,56.4,288.8
Y2,yellow,9,61.0,292.8
Y2,yellow,10,63.4,302.8
Y2,yellow,11,65.2,312.4
Y2,yellow,12,67.6,317.6
Y2,yellow,13,71.4,323.8
Y2,yellow,14,81.0,332.6
Y2,yellow,15,93.8,337.4
Y2,yellow,16,108.0,337.4
Y2,yellow,17,117.6,334.2
Y2,yellow,18,123.8,330.0
Y2,yellow,19,134.0,318.0
Y2,yellow,20,138.4,305.6
Y2,yellow,21,139.6,295.0
Y2,yellow,22,143.2,290.2
Y2,yellow,23,147.4,288.2
Y2,yellow,24,162.2,286.2
Y2,yellow,25,167.8,283.6
Y2,yellow,26,178.4,275.0
Y2,yellow,27,185.6,264.2
Y2,yellow,28,188.8,250.0
Y2,yellow,29,188.8,198.2
Y2,yellow,30,183.0,179.8
Y2,yellow,31,172.4,168.6
Y2,yellow,32,166.0,164.6
Y2,yellow,33,154.0,161.4
Y2,yellow,34,73.0,161.4
Y2,yellow,35,66.4,157.4
Y2,yellow,36,64.4,148.6
Y3,yellow,1,63.2,142.2
Y3,yellow,2,63.2,72.4
Y3,yellow,3,65.2,42.0
Y3,yellow,4,69.4,37.8
Y3,yellow,5,74.8,35.8
Y3,yellow,6,125.6,35.8
Y3,yellow,7,133.6,39.0
Y3,yellow,8,137.6,44.6
Y3,yellow,9,139.0,52.4
Y3,yellow,10,139.2,97.0
Y4,yellow,1,89.4,275.0
Y4,yellow,2,89.4,245.0
Y4,yellow,3,90.0,243.2
Y4,yellow,4,94.6,238.4
Y4,yellow,5,102.8,237.2
Y4,yellow,6,109.0,239.8
Y4,yellow,7,111.0,243.0
Y4,yellow,8,112.6,275.0
W1,white,1,78.6,215.6
W1,white,2,94.0,212.6
W1,white,3,106.0,212.4
W1,white,4,119.8,217.0
W1,white,5,128.8,225.0
W1,white,6,133.8,232.0
W1,white,7,137.4,241.0
W1,white,8,140.0,256.4
W1,white,9,143.8,260.4
W1,white,10,148.2,262.2
W1,white,11,153.0,262.4
W1,white,12,157.6,260.2
W1,white,13,158.6,259.0
W1,white,14,161.8,254.4
W1,white,15,161.4,194.8
W1,white,16,159.4,190.6
W1,white,17,157.2,190.2
W1,white,18,153.6,187.8
W1,white,19,46.8,187.8
W1,white,20,34.4,183.6
W1,white,21,24.8,177.8
W1,white,22,19.2,171.4
W1,white,23,14.0,161.0
W1,white,24,12.8,153.4
W1,white,25,14.0,53.2
W1,white,26,12.8,47.4
W1,white,27,14.6,47.4
W1,white,28,14.6,39.0
W1,white,29,14.6,38.8
W1,white,30,15.6,35.0
W1,white,31,16.2,33.6
W1,white,32,17.2,31.6
W1,white,33,18.4,29.8
W1,white,34,19.0,28.0
W1,white,35,20.6,26.2
W1,white,36,22.0,24.8
W1,white,37,23.2,23.4
W1,white,38,36.8,13.4
W1,white,39,48.0,10.6
W1,white,40,224.4,10.6
W1,white,41,249.8,23.2
W1,white,42,269.0,13.6
W1,white,43,291.2,3.2
W1,white,44,293.8,1.0
W1,white,45,292.0,0.2
W1,white,46,298.4,0.2
W1,white,47,306.2,0.2
W1,white,48,307.0,2.0
W1,white,49,323.8,10.4
W1,white,50,359.0,12.0
W1,white,51,371.0,17.6
W1,white,52,379.6,25.4
W1,white,53,385.8,37.4
W1,white,54,387.6,53.4
W1,white,55,385.8,61.2
W1,white,56,380.8,70.6
W1,white,57,376.4,76.0
W1,white,58,369.0,81.4
W1,white,59,364.4,83.2
W1,white,60,360.2,85.0
W1,white,61,359.6,86.2
W1,white,62,349.8,87.6
W1,white,63,330.6,87.6
W1,white,64,327.6,86.2
W1,white,65,253.2,86.2
W1,white,66,245.0,88.0
W1,white,67,244.8,88.0
W1,white,68,239.8,91.4
W1,white,69,237.4,99.0
W1,white,70,237.4,151.0
W1,white,71,240.2,157.2
W1,white,72,248.6,162.0
W1,white,73,301.2,162.0
W1,white,74,308.2,158.6
W1,white,75,309.8,156.4
W1,white,76,311.2,153.0
W1,white,77,312.2,146.4
W1,white,78,312.6,140.4
W1,white,79,315.6,132.8
W1,white,80,316.8,130.2
W1,white,81,318.6,128.4
W1,white,82,319.8,125.8
W1,white,83,322.2,123.2
W1,white,84,323.6,121.8
W1,white,85,327.8,118.6
W1,white,86,331.0,116.6
W1,white,87,344.0,111.6
W1,white,88,355.4,111.8
W1,white,89,361.0,113.2
W1,white,90,370.0,117.6
W1,white,91,377.2,123.8
W1,white,92,380.8,127.6
W1,white,93,385.2,136.8
W1,white,94,386.6,142.4
W1,white,95,387.6,197.8
W2,white,1,138.4,110.4
W2,white,2,137.6,99.6
W2,white,3,117.6,98.6
W2,white,4,114.6,99.8
W2,white,5,112.4,129.2
W2,white,6,112.4,144.2
W2,white,7,114.0,149.2
W2,white,8,117.4,150.4
W2,white,9,138.0,149.2
W2,white,10,156.8,150.4
W2,white,11,161.6,149.6
W2,white,12,163.0,147.2
W2,white,13,167.8,150.4
W2,white,14,184.8,149.6
W2,white,15,187.6,146.6
W2,white,16,188.2,103.4
W2,white,17,187.6,100.6
W2,white,18,183.8,98.6
W2,white,19,166.8,98.6
W2,white,20,163.0,100.0
W2,white,21,162.4,109.4
W3,white,1,199.4,390.4
W3,white,2,195.6,387.8
W3,white,3,76.0,388.0
W4,white,1,17.2,301.6
W4,white,2,17.8,281.6
W4,white,3,19.6,278.4
W4,white,4,20.8,277.2
W4,white,5,22.0,275.8
W4,white,6,26.8,270.8
W4,white,7,34.8,266.0
W4,white,8,42.6,263.0
W4,white,9,53.4,262.4
W4,white,10,57.4,260.8
W4,white,11,61.0,257.0
W4,white,12,63.0,252.6
W4,white,13,62.6,246.2
W4,white,14,65.4,235.6
W4,white,15,73.2,223.4
W4,white,16,77.4,221.0
W5,white,1,56.8,389.2
W5,white,2,40.6,387.4
W5,white,3,34.0,385.2
W5,white,4,27.0,380.6
W5,white,5,19.0,372.2
W5,white,6,14.0,361.6
W5,white,7,12.8,355.4
W5,white,8,12.8,304.0
W6,white,1,89.4,278.4
W6,white,2,88.2,277.2
W6,white,3,89.4,278.6
W6,white,4,89.4,303.6
W6,white,5,91.6,309.2
W6,white,6,95.2,312.6
W6,white,7,99.6,313.8
W6,white,8,104.6,313.4
W6,white,9,110.0,309.4
W6,white,10,112.6,302.2
W6,white,11,112.6,278.6
W6,white,12,111.4,277.2
W6,white,13,112.6,278.4
W7,white,1,138.4,132.8
W7,white,2,138.4,124.8
W8,white,1,162.8,131.0
W8,white,2,162.2,124.6
R1,red,1,110.6,382.8
R1,red,2,110.6,368.2
